CRIM,ZN,INDUS,CHAS,NOX,RM,AGE,DIS,RAD,TAX,PTRATIO,B,LSTAT
-0.3934581496218802,-0.4997305071883076,-1.3456932194477058,-0.2654018447944222,-0.30162957900371246,0.3354265394125001,-0.2926591031938559,1.088980311323875,-0.9785361116187457,0.0917783501445068,-1.1531504278742157,0.36391229009177967,-0.5356318097183873
