CRIM,ZN,INDUS,CHAS,NOX,RM,AGE,DIS,RAD,TAX,PTRATIO,B,LSTAT
-0.40520939516022036,-0.47225368049244076,-0.42032757330036824,-0.30586441050607777,-0.3141487698654988,0.16277533186359025,0.5592791773480178,-0.5078368485653484,-0.5381236591421618,-0.15668966404907853,1.1139125483029089,-3.371929918071554,-0.2619937840609206
